p1,470,112334,112335,113996,113997,34915,34916,484634,50496,80717,86550,,,,,,,,,,,,,,,,,,,,,
p2,470,112334,112335,113996,113997,34915,34916,484634,50496,80717,86550,,,,,,,,,,,,,,,,,,,,,
p3,115,112345,113136,113137,28756,28777,398186,41053,64108,64109,80050,86692,,,,,,,,,,,,,,,,,,,,
p4,112344,113278,168185,168186,173467,179817,179818,243393,243474,37119,423660,514995,60293,60294,86296,86297,86562,,,,,,,,,,,,,,,
p5,614,615,4459,5971,5978,5979,5980,13549,13737,285994,91631,91632,,,,,,,,,,,,,,,,,,,,
p6,5360,156881,156882,237130,55010,67094,67095,83042,,,,,,,,,,,,,,,,,,,,,,,,
p7,5360,156881,156882,237130,55010,67094,67095,83042,,,,,,,,,,,,,,,,,,,,,,,,
p8,5360,156881,156882,237130,55010,67094,67095,83042,,,,,,,,,,,,,,,,,,,,,,,,
p9,27,51271,51799,69590,,,,,,,,,,,,,,,,,,,,,,,,,,,,
p10,8,195385,243128,247234,30364,472512,472522,50958,51718,68721,,,,,,,,,,,,,,,,,,,,,,
p11,23,3814,51159,51795,69585,,,,,,,,,,,,,,,,,,,,,,,,,,,
p12,26,51258,51798,69589,,,,,,,,,,,,,,,,,,,,,,,,,,,,
p13,222,472512,472516,56440,70211,,,,,,,,,,,,,,,,,,,,,,,,,,,
p14,226,472287,472292,56442,70214,,,,,,,,,,,,,,,,,,,,,,,,,,,
p15,223,294002,421441,56441,70212,,,,,,,,,,,,,,,,,,,,,,,,,,,
p16,223,294002,421441,56441,70212,,,,,,,,,,,,,,,,,,,,,,,,,,,
p17,332,333,334,335,336,273032,39535,39536,39537,39661,39697,79003,86366,,,,,,,,,,,,,,,,,,,
p18,343,1144,105592,309259,309263,309264,309265,309266,388671,388672,388673,388675,388676,388677,388678,388679,388680,,,,,,,,,,,,,,,
p19,344,105591,309271,309274,309275,309277,309279,309281,309282,424726,,,,,,,,,,,,,,,,,,,,,,
p20,242,309431,309432,309433,309434,309435,309436,309437,309438,39538,,,,,,,,,,,,,,,,,,,,,,
p21,x,,,,,,,,,,,,,,,,,,,,,,,,,,,,,,,
p22,x,,,,,,,,,,,,,,,,,,,,,,,,,,,,,,,
p23,x,,,,,,,,,,,,,,,,,,,,,,,,,,,,,,,
p24,x,,,,,,,,,,,,,,,,,,,,,,,,,,,,,,,
p25,651,109641,109642,292187,292188,52241,52549,52550,53941,55874,66877,,,,,,,,,,,,,,,,,,,,,
p26,654,109657,109658,181374,52244,53946,,,,,,,,,,,,,,,,,,,,,,,,,,
p27,655,109660,109661,52245,53947,,,,,,,,,,,,,,,,,,,,,,,,,,,
p28,658,109667,109668,52248,53950,,,,,,,,,,,,,,,,,,,,,,,,,,,
p29,12565,136143,235279,235280,254567,322036,322038,71948,,,,,,,,,,,,,,,,,,,,,,,,
p30,12565,136143,235279,235280,254567,322036,322038,71948,,,,,,,,,,,,,,,,,,,,,,,,
p31,12565,136143,235279,235280,254567,322036,322038,71948,,,,,,,,,,,,,,,,,,,,,,,,
p32,12565,136143,235279,235280,254567,322036,322038,71948,,,,,,,,,,,,,,,,,,,,,,,,
p33,1571,10719,107726,107727,272845,392723,41547,85544,,,,,,,,,,,,,,,,,,,,,,,,
p34,1571,10719,107726,107727,272845,392723,41547,85544,,,,,,,,,,,,,,,,,,,,,,,,
p35,1571,10719,107726,107727,272845,392723,41547,85544,,,,,,,,,,,,,,,,,,,,,,,,
p36,1571,10719,107726,107727,272845,392723,41547,85544,,,,,,,,,,,,,,,,,,,,,,,,
p37,183,32347,32348,,,,,,,,,,,,,,,,,,,,,,,,,,,,,
p38,183,32347,32348,,,,,,,,,,,,,,,,,,,,,,,,,,,,,
p39,180,18204,28164,,,,,,,,,,,,,,,,,,,,,,,,,,,,,
p40,179,27335,336077,336078,385828,,,,,,,,,,,,,,,,,,,,,,,,,,,
p41,173510,173518,29868,51264,63976,63977,73600,,,,,,,,,,,,,,,,,,,,,,,,,
p42,173510,173518,29868,51264,63976,63977,73600,,,,,,,,,,,,,,,,,,,,,,,,,
p43,173510,173518,29868,51264,63976,63977,73600,,,,,,,,,,,,,,,,,,,,,,,,,
p44,22753,22754,400306,400307,511141,,,,,,,,,,,,,,,,,,,,,,,,,,,
p45,x,,,,,,,,,,,,,,,,,,,,,,,,,,,,,,,
p46,x,,,,,,,,,,,,,,,,,,,,,,,,,,,,,,,
p47,x,,,,,,,,,,,,,,,,,,,,,,,,,,,,,,,
p48,15822,188371,485622,,,,,,,,,,,,,,,,,,,,,,,,,,,,,
p49,x,,,,,,,,,,,,,,,,,,,,,,,,,,,,,,,
p50,x,,,,,,,,,,,,,,,,,,,,,,,,,,,,,,,
p51,x,,,,,,,,,,,,,,,,,,,,,,,,,,,,,,,
p52,x,,,,,,,,,,,,,,,,,,,,,,,,,,,,,,,
p53,x,,,,,,,,,,,,,,,,,,,,,,,,,,,,,,,
p54,x,,,,,,,,,,,,,,,,,,,,,,,,,,,,,,,
p55,x,,,,,,,,,,,,,,,,,,,,,,,,,,,,,,,
p56,x,,,,,,,,,,,,,,,,,,,,,,,,,,,,,,,
p57,x,,,,,,,,,,,,,,,,,,,,,,,,,,,,,,,
p58,x,,,,,,,,,,,,,,,,,,,,,,,,,,,,,,,
p59,x,,,,,,,,,,,,,,,,,,,,,,,,,,,,,,,
p60,x,,,,,,,,,,,,,,,,,,,,,,,,,,,,,,,
p61,x,,,,,,,,,,,,,,,,,,,,,,,,,,,,,,,
p62,x,,,,,,,,,,,,,,,,,,,,,,,,,,,,,,,
p63,x,,,,,,,,,,,,,,,,,,,,,,,,,,,,,,,
p64,x,,,,,,,,,,,,,,,,,,,,,,,,,,,,,,,
p65,2925,2926,2927,2928,2929,2930,2931,2931,2932,2933,2934,2935,2936,10489,263772,309417,450742,517076,69176,,,,,,,,,,,,,
p66,2925,2926,2927,2928,2929,2930,2931,2931,2932,2933,2934,2935,2936,10489,263772,309417,450742,517076,69176,,,,,,,,,,,,,
p67,2925,2926,2927,2928,2929,2930,2931,2931,2932,2933,2934,2935,2936,10489,263772,309417,450742,517076,69176,,,,,,,,,,,,,
p68,2937,2938,2939,2940,2941,2942,2943,2944,12661,423306,,,,,,,,,,,,,,,,,,,,,,
p69,2976,309588,309594,309600,309606,519853,2977,309589,309595,309601,309607,519854,2978,309590,309596,309602,309608,3628,309591,309597,309603,309609,11248,309592,309604,309610,309587,309593,309605,309611,309599,309598
p70,3626,,,,,,,,,,,,,,,,,,,,,,,,,,,,,,,
p71,3087,279259,503605,519846,,,,,,,,,,,,,,,,,,,,,,,,,,,,
p72,3087,279259,503605,519846,,,,,,,,,,,,,,,,,,,,,,,,,,,,
p73,3213,237519,,,,,,,,,,,,,,,,,,,,,,,,,,,,,,
p74,3213,237519,237541,,,,,,,,,,,,,,,,,,,,,,,,,,,,,
p75,8096,211838,237541,,,,,,,,,,,,,,,,,,,,,,,,,,,,,
p76,3213,237519,,,,,,,,,,,,,,,,,,,,,,,,,,,,,,
p77,x,,,,,,,,,,,,,,,,,,,,,,,,,,,,,,,
p78,x,,,,,,,,,,,,,,,,,,,,,,,,,,,,,,,
p79,x,,,,,,,,,,,,,,,,,,,,,,,,,,,,,,,
p80,x,,,,,,,,,,,,,,,,,,,,,,,,,,,,,,,
p81,x,,,,,,,,,,,,,,,,,,,,,,,,,,,,,,,
p82,x,,,,,,,,,,,,,,,,,,,,,,,,,,,,,,,
p83,x,,,,,,,,,,,,,,,,,,,,,,,,,,,,,,,
p84,x,,,,,,,,,,,,,,,,,,,,,,,,,,,,,,,
p85,1515,1516,1517,8448,32161,311063,84964,84965,,,,,,,,,,,,,,,,,,,,,,,,
p86,1531,1532,1533,1534,8451,23163,84747,84748,,,,,,,,,,,,,,,,,,,,,,,,
p87,1524,1525,1526,1527,1528,1529,1530,8447,23160,84692,84693,,,,,,,,,,,,,,,,,,,,,
p88,1515,1516,1517,8448,32161,311063,84964,84965,,,,,,,,,,,,,,,,,,,,,,,,
p89,366,110883,17734,418114,418115,418116,418117,418118,418119,41820,418121,418122,418123,484623,53594,,,,,,,,,,,,,,,,,
p90,x,,,,,,,,,,,,,,,,,,,,,,,,,,,,,,,
p91,x,,,,,,,,,,,,,,,,,,,,,,,,,,,,,,,
p92,365,110884,481864,53593,,,,,,,,,,,,,,,,,,,,,,,,,,,,
p93,511,512,513,514,2907,27826,46697,478259,83536,86505,,,,,,,,,,,,,,,,,,,,,,
p94,511,512,513,514,2907,27826,46697,478259,83536,86505,,,,,,,,,,,,,,,,,,,,,,
p95,516,,,,,,,,,,,,,,,,,,,,,,,,,,,,,,,
p96,511,512,513,514,2907,27826,46697,478259,83536,86505,,,,,,,,,,,,,,,,,,,,,,
p97,7488,7529,,,,,,,,,,,,,,,,,,,,,,,,,,,,,,
p98,x,,,,,,,,,,,,,,,,,,,,,,,,,,,,,,,
p99,x,,,,,,,,,,,,,,,,,,,,,,,,,,,,,,,
p100,x,,,,,,,,,,,,,,,,,,,,,,,,,,,,,,,
p101,102463,112347,112921,113725,243571,447366,447367,448942,448944,60297,60298,86298,,,,,,,,,,,,,,,,,,,,
p102,102463,112347,112921,113725,243571,447366,447367,448942,448944,60297,60298,86298,,,,,,,,,,,,,,,,,,,,
p103,115,112345,113136,113137,28756,28777,398186,41053,64108,64109,80050,86692,,,,,,,,,,,,,,,,,,,,
p104,118,112350,113136,113142,334255,41181,64114,64115,80322,86695,,,,,,,,,,,,,,,,,,,,,,
p105,102463,112347,112921,113725,243571,447366,447367,448942,448944,60297,60298,86298,,,,,,,,,,,,,,,,,,,,
p106,112344,113278,168185,168186,173467,179817,179818,243393,243474,37119,423660,514995,60293,60294,86296,86297,86562,,,,,,,,,,,,,,,
p107,102463,112347,112921,113725,243571,447366,447367,448942,448944,60297,60298,86298,,,,,,,,,,,,,,,,,,,,
p108,102463,112347,112921,113725,243571,447366,447367,448942,448944,60297,60298,86298,,,,,,,,,,,,,,,,,,,,
p109,466,112340,112744,113997,114003,399489,399492,48578,81072,,,,,,,,,,,,,,,,,,,,,,,
p110,496,114782,114783,167275,167276,34464,34465,399774,79743,79744,81958,86697,,,,,,,,,,,,,,,,,,,,
p111,22046,,,,,,,,,,,,,,,,,,,,,,,,,,,,,,,
p112,2976,309588,309594,309600,309606,519853,2977,309589,309595,309601,309607,519854,2978,309590,309596,309602,309608,3628,309591,309597,309603,309609,11248,309592,309598,309604,309610,309587,309593,309599,309605,309611
p113,x,,,,,,,,,,,,,,,,,,,,,,,,,,,,,,,
p114,x,,,,,,,,,,,,,,,,,,,,,,,,,,,,,,,
p115,2976,309588,309594,309600,309606,519853,2977,309589,309595,309601,309607,519854,2978,309590,309596,309602,309608,3628,309591,309597,309603,309609,11248,309592,309598,309604,309610,309587,309593,309599,309605,309611
p116,2976,309588,309594,309600,309606,519853,2977,309589,309595,309601,309607,519854,2978,309590,309596,309602,309608,3628,309591,309597,309603,309609,11248,309592,309598,309604,309610,309587,309593,309599,309605,309611
p117,2976,309588,309594,309600,309606,519853,2977,309589,309595,309601,309607,519854,2978,309590,309596,309602,309608,3628,309591,309597,309603,309609,11248,309592,309598,309604,309610,309587,309593,309599,309605,309611
p118,2880,,,,,,,,,,,,,,,,,,,,,,,,,,,,,,,
p119,2881,,,,,,,,,,,,,,,,,,,,,,,,,,,,,,,
p120,2976,309588,309594,309600,309606,519853,2977,309589,309595,309601,309607,519854,2978,309590,309596,309602,309608,3628,309591,309597,309603,309609,11248,309592,309598,309604,309610,309587,309593,309599,309605,309611
p121,505,252525,254505,82214,3666,252526,254506,82215,,,,,,,,,,,,,,,,,,,,,,,,
p122,505,252525,254505,82214,3666,252526,254506,82215,,,,,,,,,,,,,,,,,,,,,,,,
p123,503,2821,254504,255354,82213,504,254503,255353,82212,86506,,,,,,,,,,,,,,,,,,,,,,
p124,3072,254386,256273,256275,231788,254387,256274,256276,,,,,,,,,,,,,,,,,,,,,,,,
p125,511,512,513,514,2907,27826,46697,478259,83536,86505,,,,,,,,,,,,,,,,,,,,,,
p126,505,252525,254505,82214,3666,252526,254506,82215,,,,,,,,,,,,,,,,,,,,,,,,
p127,3669,256655,,,,,,,,,,,,,,,,,,,,,,,,,,,,,,
p128,505,252525,254505,82214,3666,252526,254506,82215,,,,,,,,,,,,,,,,,,,,,,,,
p129,505,252525,254505,82214,3666,252526,254506,82215,,,,,,,,,,,,,,,,,,,,,,,,
p130,505,252525,254505,82214,3666,252526,254506,82215,,,,,,,,,,,,,,,,,,,,,,,,
p131,597,139908,158126,29891,36691,67953,5380,139909,29890,36690,55303,67996,4473,237133,55300,,,,,,,,,,,,,,,,,
p132,611,13608,33448,91542,4936,14080,55509,91543,,,,,,,,,,,,,,,,,,,,,,,,
p133,5360,156882,55010,67095,156881,237130,67094,83042,4578,55007,,,,,,,,,,,,,,,,,,,,,,
p134,613,21957,31634,91541,6222,285991,91540,,,,,,,,,,,,,,,,,,,,,,,,,
p135,34659,,,,,,,,,,,,,,,,,,,,,,,,,,,,,,,
p136,5360,156882,55010,67095,156881,237130,67094,83042,4578,55007,,,,,,,,,,,,,,,,,,,,,,
p137,5011,,,,,,,,,,,,,,,,,,,,,,,,,,,,,,,
p138,5360,156882,55010,67095,156881,237130,67094,83042,4578,55007,,,,,,,,,,,,,,,,,,,,,,
p139,5042,,,,,,,,,,,,,,,,,,,,,,,,,,,,,,,
p140,391,394,397,400,98346,392,395,398,56089,393,396,399,98345,,,,,,,,,,,,,,,,,,,
p141,19,345619,472287,51149,69581,345618,45370,472506,51743,,,,,,,,,,,,,,,,,,,,,,,
p142,3,243110,328878,51972,3063,328875,51710,68708,,,,,,,,,,,,,,,,,,,,,,,,
p143,4,215650,328880,51713,3179,243111,50953,68714,,,,,,,,,,,,,,,,,,,,,,,,
p144,1,243106,333393,51707,77992,90761,3062,27752,472512,51970,77993,19667,328877,472523,66279,90564,,,,,,,,,,,,,,,,
p145,5,2412,243114,50957,51714,68715,,,,,,,,,,,,,,,,,,,,,,,,,,
p146,10,196715,472287,50959,68725,3033,243296,472510,51721,,,,,,,,,,,,,,,,,,,,,,,
p147,11,3075,243297,51031,51723,68726,,,,,,,,,,,,,,,,,,,,,,,,,,
p148,3,243110,328878,51972,3063,328875,51710,68708,,,,,,,,,,,,,,,,,,,,,,,,
p149,7,3031,243126,50957,51717,68720,,,,,,,,,,,,,,,,,,,,,,,,,,
p150,25,472287,51256,69588,3185,472508,51797,,,,,,,,,,,,,,,,,,,,,,,,,
p151,x,,,,,,,,,,,,,,,,,,,,,,,,,,,,,,,
p152,218,56318,70207,,,,,,,,,,,,,,,,,,,,,,,,,,,,,
p153,x,,,,,,,,,,,,,,,,,,,,,,,,,,,,,,,
p154,226,472287,472292,56442,70214,,,,,,,,,,,,,,,,,,,,,,,,,,,
p155,216,56316,70205,,,,,,,,,,,,,,,,,,,,,,,,,,,,,
p156,x,,,,,,,,,,,,,,,,,,,,,,,,,,,,,,,
p157,220,292670,472287,472505,56321,70209,,,,,,,,,,,,,,,,,,,,,,,,,,
p158,x,,,,,,,,,,,,,,,,,,,,,,,,,,,,,,,
p159,x,,,,,,,,,,,,,,,,,,,,,,,,,,,,,,,
p160,x,,,,,,,,,,,,,,,,,,,,,,,,,,,,,,,
p161,x,,,,,,,,,,,,,,,,,,,,,,,,,,,,,,,
p162,895,18559,22076,322008,396133,498228,174445,19938,22077,322009,42098,63611,,,,,,,,,,,,,,,,,,,,
p163,895,18559,22076,322008,396133,498228,174445,19938,22077,322009,42098,63611,,,,,,,,,,,,,,,,,,,,
p164,x,,,,,,,,,,,,,,,,,,,,,,,,,,,,,,,
p165,x,,,,,,,,,,,,,,,,,,,,,,,,,,,,,,,
p166,x,,,,,,,,,,,,,,,,,,,,,,,,,,,,,,,
p167,x,,,,,,,,,,,,,,,,,,,,,,,,,,,,,,,
p168,x,,,,,,,,,,,,,,,,,,,,,,,,,,,,,,,
p169,x,,,,,,,,,,,,,,,,,,,,,,,,,,,,,,,
p170,x,,,,,,,,,,,,,,,,,,,,,,,,,,,,,,,
p171,x,,,,,,,,,,,,,,,,,,,,,,,,,,,,,,,
p172,x,,,,,,,,,,,,,,,,,,,,,,,,,,,,,,,
p173,361,55386,,,,,,,,,,,,,,,,,,,,,,,,,,,,,,
p174,366,110883,17734,418114,418115,418116,418117,418118,418119,41820,418121,418122,418123,484623,53594,,,,,,,,,,,,,,,,,
p175,x,,,,,,,,,,,,,,,,,,,,,,,,,,,,,,,
p176,x,,,,,,,,,,,,,,,,,,,,,,,,,,,,,,,
p177,364,11133,239051,39751,53592,,,,,,,,,,,,,,,,,,,,,,,,,,,
p178,x,,,,,,,,,,,,,,,,,,,,,,,,,,,,,,,
p179,x,,,,,,,,,,,,,,,,,,,,,,,,,,,,,,,
p180,x,,,,,,,,,,,,,,,,,,,,,,,,,,,,,,,
p181,x,,,,,,,,,,,,,,,,,,,,,,,,,,,,,,,
p182,x,,,,,,,,,,,,,,,,,,,,,,,,,,,,,,,
p183,242,309432,309434,309436,309438,309431,309433,309435,309437,39538,,,,,,,,,,,,,,,,,,,,,,
p184,x,,,,,,,,,,,,,,,,,,,,,,,,,,,,,,,
p185,344,309271,309275,309279,309282,105591,309274,309277,309281,424726,,,,,,,,,,,,,,,,,,,,,,
p186,344,309271,309275,309279,309282,105591,309274,309277,309281,424726,,,,,,,,,,,,,,,,,,,,,,
p187,344,309271,309275,309279,309282,105591,309274,309277,309281,424726,,,,,,,,,,,,,,,,,,,,,,
p188,1988,40924,509056,,,,,,,,,,,,,,,,,,,,,,,,,,,,,
p189,344,309271,309275,309279,309282,105591,309274,309277,309281,424726,,,,,,,,,,,,,,,,,,,,,,
p190,343,309259,309265,388672,388676,388679,1144,309263,309266,388673,388677,388680,105592,309264,388671,388675,388678,,,,,,,,,,,,,,,
p191,x,,,,,,,,,,,,,,,,,,,,,,,,,,,,,,,
p192,179,27335,336077,336078,385828,,,,,,,,,,,,,,,,,,,,,,,,,,,
p193,183,32347,32348,,,,,,,,,,,,,,,,,,,,,,,,,,,,,
p194,179,27335,336077,336078,385828,,,,,,,,,,,,,,,,,,,,,,,,,,,
p195,179,27335,336077,336078,385828,,,,,,,,,,,,,,,,,,,,,,,,,,,
p196,179,27335,336077,336078,385828,,,,,,,,,,,,,,,,,,,,,,,,,,,
p197,182,285709,30365,,,,,,,,,,,,,,,,,,,,,,,,,,,,,
p198,183698,45859,,,,,,,,,,,,,,,,,,,,,,,,,,,,,,
p199,,,,,,,,,,,,,,,,,,,,,,,,,,,,,,,,
p200,182,285709,3065,,,,,,,,,,,,,,,,,,,,,,,,,,,,,
